Workbook

Sheet DASHBOARD
A1: Date | B1: TC Réceptionnés | C1: TC Sortis | D1: Total Mouvements | F1: TC Sortis VIDE
A2: 46162 | B2: ='20-05'!H1 -> 33 | C2: ='20-05'!H2 -> 0 | D2: =SUM(B2:C2) -> 33
A3: 46163 | B3: ='21-05'!H1 -> 3 | C3: ='21-05'!H2 -> 2 | D3: =SUM(B3:C3) -> 5
A4: 46166 | B4: ='24-05'!H1 -> 9 | C4: ='24-05'!H2 -> 0 | D4: =SUM(B4:C4) -> 9
A5: 46167 | B5: ='25-05'!H1 -> 0 | C5: ='25-05'!H2 -> 2 | D5: =SUM(B5:C5) -> 2
A6: 46168 | B6: ='26-05'!H1 -> 3 | C6: ='26-05'!H2 -> 1 | D6: =SUM(B6:C6) -> 4
A7: 46173 | B7: ='31-05'!H1 -> 3 | C7: ='31-05'!H2 -> 0 | D7: =SUM(B7:C7) -> 3
A8: 46167
A9: 46274
A10: 46275
A11: 46274
A12: 46275
A13: 46276
A14: 46277
A15: 46278
A16: 46279
A17: 46280
A18: 46281
A19: 46282
... A22: 46285
A24: Total | B24: =SUM(B2:B22) -> 51 | C24: =SUM(C2:C22) -> 5 | D24: =SUM(D2:D22) -> 56

Sheet 20-05
H1: =COUNTIF(B9:B41,"<>") -> 33 | I1: TC
F2: =COUNTIFS(B20:B29,"<>",C20:C29,"VH") -> 0 | G2: VH | H2: =COUNTA(C21:C29)-F2 -> 0 | I2: TC | J2: =COUNTIF(E20:E29,"VIDE") -> 0
A3: FICHE DE MOUVEMENT
B6: RECEPTION | G6: 46162
A8: N° | B8: Date R | C8: N° CRN | D8: N° Conteneur | E8: N° Scellé | F8: Vol
A9: 1 | B9: 20/05/2026 | D9: CAAU530515 /1 | E9: ML-CN4874026 | F9: 40
A10: 2 | B10: 20/05/2026 | D10: DFSU313519 /5 | E10: R9795898 | F10: 20
A11: 3 | B11: 20/05/2026 | D11: TDRU461667 /6 | E11: LB0232420 | F11: 45
A12: 4 | B12: 20/05/2026 | D12: TDRU909110 /6 | E12: LB0232359 | F12: 45
A13: 5 | B13: 20/05/2026 | D13: BLTU211703 /6 | E13: LB0266283 | F13: 40
A14: 6 | B14: 20/05/2026 | D14: NLLU200463 /9 | E14: LB0266286 | F14: 40
A15: 7 | B15: 20/05/2026 | D15: CAXU903878 /3 | E15: LB0266422 | F15: 40
A16: 8 | B16: 20/05/2026 | D16: CAXU965894 /8 | E16: LB0266431 | F16: 40
A17: 9 | B17: 20/05/2026 | D17: CHSU809431 /6 | E17: LB0266299 | F17: 40
A18: 10 | B18: 20/05/2026 | D18: FSCU987305 /7 | E18: LB0266490 | F18: 40
A19: 11 | B19: 20/05/2026 | D19: GATU852786 /7 | E19: LB0266438 | F19: 40
A20: 12 | B20: 20/05/2026 | D20: GCNU464217 /2 | E20: LB0266485 | F20: 40
... A41: 33 | B41: 20/05/2026 | D41: YMLU816005 /6 | E41: LB0266432 | F41: 40
B61: SORTIE
A63: N° | B63: Date S | C63: IMM | D63: N° Conteneur | E63: N° Scellé | F63: Vol
A64: 1 | B64: 46163 | C64: 00436-509-31 | D64: MSCU775056 3 | E64: 3830 | F64: 40
A65: 2 | B65: 46163 | C65: 02133-588-31 | D65: DRYU420743 1 | E65: 3780 | F65: 40
B73: SCELLE
A75: N° | B75: Date V | C75: N° Conteneur | D75: ANC° Scellé | E75: NOV° Scellé | F75: Vol
A76: 1 | B76: 46163 | C76: MSMU928197 0 | E76: 3790 | F76: 40
A77: 2 | B77: 46163 | C77: UETU614164 6 | E77: 3821 | F77: 40
A78: 3 | B78: 46163 | C78: TLLU466710 6 | E78: 3824 | F78: 40
A79: 4 | B79: 46163 | C79: TCKU622040 4 | E79: 3823 | F79: 40
A80: 5 | B80: 46163 | C80: TCNU471329 0 | E80: 3822 | F80: 40
A81: 6 | B81: 46163 | C81: CMAU022946 0 | E81: 3789 | F81: 40
A82: 7 | B82: 46163 | C82: FCIU306000 3 | E82: 3788 | F82: 40

Sheet 21-05
H1: =COUNTIF(C9:C16,"<>") -> 3 | I1: TC
F2: =COUNTIFS(B20:B29,"<>",C20:C29,"VH") -> 0 | G2: VH | H2: =COUNTA(C21:C29)-F2 -> 2 | I2: TC | J2: =COUNTIF(E20:E29,"VIDE") -> 0
A3: FICHE DE MOUVEMENT
B6: RECEPTION | G6: 46163
A8: N° | B8: N° CRN | C8: Date R | D8: N° Conteneur | E8: N° Scellé | F8: Vol
A9: 1 | B9: 0037ICS0114 | C9: 46163 | D9: MRKU332531 /7 | E9: ML-CN6153407 | F9: 40
A10: 2 | B10: 0037ICS0114 | C10: 46163 | D10: SUDU698880 /7 | E10: ML-CN6153428 | F10: 40
A11: 3 | B11: 0037ICS0117 | C11: 46163 | D11: CAAU860798 /3 | E11: ML-CN6237504 | F11: 40
B18: SORTIE
A20: N° | B20: Date S | C20: IMM | D20: N° Conteneur | E20: N° Scellé | F20: Vol
A21: 1 | B21: 46163 | C21: 00436-509-31 | D21: MSCU775056 /3 | E21: 3830 | F21: 40
A22: 2 | B22: 46163 | C22: 02133-588-31 | D22: DRYU420743 /1 | E22: 3780 | F22: 40
B30: VISITE
A32: N° | B32: Date | C32: N° Conteneur | D32: ANC° Scellé | E32: NOV° Scellé | F32: Vol
A33: 1 | B33: 46163 | C33: MSMU928197 /0 | E33: 3790 | F33: 40
A34: 2 | B34: 46163 | C34: UETU614164 /6 | E34: 3821 | F34: 40
A35: 3 | B35: 46163 | C35: TLLU466710 /6 | E35: 3824 | F35: 40
A36: 4 | B36: 46163 | C36: TCKU622040 /4 | E36: 3823 | F36: 40
A37: 5 | B37: 46163 | C37: TCNU471329 /0 | E37: 3822 | F37: 40
A38: 6 | B38: 46163 | C38: CMAU022946 /0 | E38: 3789 | F38: 40
A39: 7 | B39: 46163 | C39: FCIU306000 /3 | E39: 3788 | F39: 40

Sheet 24-05
H1: =COUNTIF(C8:C16,"<>") -> 9 | I1: TC
F2: =COUNTIFS(B20:B29,"<>",C20:C29,"VH") -> 0 | G2: VH | H2: =COUNTA(C21:C29)-F2 -> 0 | I2: TC | J2: =COUNTIF(E20:E29,"VIDE") -> 0
A3: FICHE DE MOUVEMENT
B6: RECEPTION | G6: 46166
A8: N° | B8: N° CRN | C8: Date R | D8: N° Conteneur | E8: N° Scellé | F8: Vol
A9: 1 | B9: 0078ICS0151 | C9: 46166 | D9: TRHU763561 /4 | E9: FX444344489 | F9: 40
A10: 2 | B10: 0078ICS0179 | C10: 46166 | D10: FFAU 372824 /5 | E10: LG00488313 | F10: 40
A11: 3 | B11: 0078ICS0179 | C11: 46166 | D11: MSBU733842 /0 | E11: LG00488319 | F11: 40
A12: 4 | B12: 0078ICS0135 | C12: 46166 | D12: MSMU840453 /5 | E12: LG00460566 | F12: 40 | G12: Manque SCAN
A13: 5 | B13: 0078ICS0135 | C13: 46166 | D13: MSNU803360 /7 | E13: LG00460591 | F13: 40
A14: 6 | B14: 0078ICS0169 | C14: 46166 | D14: MSMU625103 /6 | E14: 89828 | F14: 40
A15: 7 | B15: 0037ICS0025 | C15: 46166 | D15: MRSU426341 /8 | E15: ML-CN4925144 | F15: 40
A16: 8 | B16: 0037ICS0014 | C16: 46166 | D16: TCLU798602 /7 | E16: ML-CN4068822 | F16: 40
B18: SORTIE
A20: N° | B20: Date S | C20: IMM | D20: N° Conteneur | E20: N° Scellé | F20: Vol
B30: VISITE
A32: N° | B32: Date V | C32: N° Conteneur | D32: N° Scellé | E32: Vol

Sheet 25-05
H1: =COUNTIF(C9:C16,"<>") -> 0 | I1: TC
F2: =COUNTIFS(B20:B29,"<>",C20:C29,"VH") -> 0 | G2: VH | H2: =COUNTA(C21:C29)-F2 -> 2 | I2: TC | J2: =COUNTIF(E20:E29,"VIDE") -> 0
A3: FICHE DE MOUVEMENT
B6: RECEPTION | G6: 46167
A8: N° | B8: N° CRN | C8: Date R | D8: N° Conteneur | E8: N° Scellé | F8: Vol
A9: 1
A10: 2
A11: 3
A12: 4
A13: 5
A14: 6
A15: 7
A16: 8
B18: SORTIE
A20: N° | B20: Date S | C20: IMM | D20: N° Conteneur | E20: N° Scellé | F20: Vol
A21: 1 | B21: 46167 | C21: 00244-514-31 | D21: UETU614164 /6 | E21: 3821 | F21: 40
A22: 2 | B22: 46167 | C22: 00067-515-31 | D22: MSDU465894 /1 | E22: 3233 | F22: 40
B30: VISITE
A32: N° | B32: Date V | C32: N° Conteneur | D32: N° Scellé | E32: Vol

Sheet 26-05
H1: =COUNTIF(C9:C16,"<>") -> 3 | I1: TC
F2: =COUNTIFS(B20:B29,"<>",C20:C29,"VH") -> 0 | G2: VH | H2: =COUNTA(C21:C29)-F2 -> 1 | I2: TC | J2: =COUNTIF(E20:E29,"VIDE") -> 0
A3: FICHE DE MOUVEMENT
B6: RECEPTION | G6: 46168
A8: N° | B8: N° CRN | C8: Date R | D8: N° Conteneur | E8: N° Scellé | F8: Vol | G8: Depotage
A9: 1 | B9: 0391ICS0031 /3 | C9: 26052026 | D9: HMMU634396 /4 | E9: 25H1390523 | F9: GROUPAGE | G9: 46176
A10: 2 | B10: 0391ICS0032 /4 | C10: 26052026 | D10: HMMU462640 /9 | E10: 25H1396603 | F10: GROUPAGE | G10: 46176
A11: 3 | B11: 0391ICS0033 /4 | C11: 26052026 | D11: HMMU605626 /5 | E11: 25H1213222 | F11: GROUPAGE | G11: 46176
B18: SORTIE
A20: N° | B20: Date S | C20: IMM | D20: N° Conteneur | E20: N° Scellé | F20: Vol
A21: 1 | B21: 26052026 | C21: 02171-588-31 | D21: TCLU28985 /8 | E21: 3827 | F21: 20
B30: VISITE
A32: N° | B32: Date V | C32: N° Conteneur | D32: N° Scellé | E32: Vol

Sheet 31-05
H1: =COUNTIF(C9:C16,"<>") -> 3 | I1: TC
F2: =COUNTIFS(B20:B29,"<>",C20:C29,"VH") -> 0 | G2: VH | H2: =COUNTA(C21:C29)-F2 -> 0 | I2: TC | J2: =COUNTIF(E20:E29,"VIDE") -> 0
A3: FICHE DE MOUVEMENT
B6: RECEPTION | G6: 46173
A8: N° | B8: N° CRN | C8: Date R | D8: N° Conteneur | E8: N° Scellé | F8: Vol | G8: Depotage
A9: 1 | B9: 0400ICS0036 /4 | C9: 31052026 | D9: HMMU906728 /4 | E9: 25H1213247 | F9: GROUPAGE | G9: 46176
A10: 2 | B10: 0400ICS0041 /4 | C10: 31052026 | D10: HMMU905523 /6 | E10: 25H1213130 | F10: GROUPAGE | G10: 46176
A11: 3 | B11: 0400ICS0035 /4 | C11: 31052026 | D11: HMMU902388 /2 | E11: 25H1213243 | F11: GROUPAGE | G11: 46176
B18: SORTIE
A20: N° | B20: Date S | C20: IMM | D20: N° Conteneur | E20: N° Scellé | F20: Vol
B30: VISITE
A32: N° | B32: Date V | C32: N° Conteneur | D32: N° Scellé | E32: Vol
