Workbook

Sheet DASHBOARD
A1: Date | B1: TC Réceptionnés | C1: TC Sortis | D1: Total Mouvements | F1: TC Sortis VIDE
A2: 46296 | B2: ='01-10'!H1 -> 0 | C2: ='01-10'!H2 -> 1 | D2: =B2+C2 -> 1
A3: 46299 | B3: ='04-10'!J1 -> 5 | C3: ='04-10'!J2 -> 3 | D3: =B3+C3 -> 8
A4: 46300 | B4: ='05-10'!H1 -> 0 | C4: ='05-10'!H2 -> 9 | D4: =B4+C4 -> 9
A5: 46301 | B5: ='06-10'!H1 -> 14 | C5: ='06-10'!H2 -> 0 | D5: =B5+C5 -> 14
A6: 46302 | B6: ='07-10'!H1 -> 12 | C6: ='07-10'!H2 -> 0 | D6: =B6+C6 -> 12
A7: 46303 | B7: ='08-10'!H1 -> 0 | C7: ='08-10'!H2 -> 2 | D7: =B7+C7 -> 2
A8: 46306 | B8: ='11-10'!H1 -> 16 | C8: ='11-10'!H2 -> 2 | D8: =B8+C8 -> 18
A9: 46307 | B9: ='08-10'!H3 -> 0 | C9: ='08-10'!H4 -> 0 | D9: =B9+C9 -> 0
A10: 46308 | B10: ='08-10'!H4 -> 0 | C10: ='08-10'!H5 -> 0 | D10: =B10+C10 -> 0
A11: 46309 | B11: ='08-10'!H5 -> 0 | C11: ='08-10'!H6 -> 0 | D11: =B11+C11 -> 0
A12: 46310 | B12: ='08-10'!H6 -> 0 | C12: ='08-10'!H7 -> 0 | D12: =B12+C12 -> 0
A24: Total | B24: =SUM(B2:B23) -> 47 | C24: =SUM(C2:C23) -> 17 | D24: =SUM(D2:D19) -> 64

Sheet 01-10
H1: =COUNTIF(C8:C15,"<>") -> 0 | I1: TC
F2: =COUNTIFS(B20:B29,"<>",C20:C29,"VH") -> 0 | G2: VH | H2: =COUNTA(C20:C29)-F2 -> 1 | I2: TC | J2: =COUNTIF(E20:E29,"VIDE") -> 0
A3: FICHE DE MOUVEMENT
B5: RECEPTION | G5: 46296
A7: N° | B7: N° CRN | C7: Date R | D7: N° Conteneur | E7: N° Scellé | F7: Vol
A8: 1
A9: 2
A10: 3
A11: 4
A12: 5
A13: 6
A14: 7
A15: 8
B17: SORTIE
A19: N° | B19: Date S | C19: IMM | D19: N° Conteneur | E19: N° Scellé | F19: Vol
A20: 1 | B20: 1102026 | C20: 00373-517-31 | D20: ECMU809447 /2 | E20: 3611 | F20: 45
A21: 2
A22: 3
A23: 4
A24: 5
A25: 6
A26: 7
A27: 8
A28: 9
A29: 10
A30: 11
B32: VISITE
A34: N° | B34: Date V | C34: N° Conteneur | D34: AN° Scellé | E34: NO° Scellé | F34: Vol
A35: 1 | B35: 1102026 | C35: ECMU814116 /8 | D35: J0695804 | E35: 3614 | F35: 45
A36: 2 | B36: 1102026 | C36: PONU804908 /6 | E36: 3615 | F36: 40
A37: 3 | B37: 1102026 | C37: TLLU805438 /1 | E37: 3616 | F37: 40
A38: 4 | B38: 1102026 | C38: HMMU433444 /9 | D38: 26H0108168 | E38: 3617 | F38: 40
A39: 5 | B39: 1102026 | C39: SEGU585325 /8 | D39: 26H0108169 | E39: 3618 | F39: 40
A40: 6
A41: 7

Sheet 04-10
J1: =COUNTIF(C8:C15,"<>") -> 5 | K1: TC
H2: =COUNTIFS(B20:B29,"<>",C20:C29,"VH") -> 0 | I2: VH | J2: =COUNTA(C20:C29)-H2 -> 3 | K2: TC | L2: =COUNTIF(E20:E29,"VIDE") -> 0
A3: FICHE DE MOUVEMENT
B5: RECEPTION | G5: 46299
A7: N° | B7: N° CRN | C7: Date R | D7: N° Conteneur | E7: N° Scellé | F7: Vol
A8: 1 | B8: 0171ICS0101 | C8: 4102026 | D8: MSCU632217 /1 | E8: FJ28615512 | F8: 20
A9: 2 | B9: 0171ICS0106 | C9: 4102026 | D9: MSMU672588 /1 | E9: FX48439012 | F9: 40
A10: 3 | B10: 0171ICS0106 | C10: 4102026 | D10: MSMU723245 /2 | E10: FX48439190 | F10: 40
A11: 4 | B11: 0171ICS0015 | C11: 4102026 | D11: SEKU180289 /5 | E11: FX48675347 | F11: 20
A12: 5 | B12: 0171ICS0015 | C12: 4102026 | D12: SEKU180293 /5 | E12: FX48675348 | F12: 20
A13: 6
A14: 7
A15: 8
B17: SORTIE
A19: N° | B19: Date S | C19: IMM | D19: N° Conteneur | E19: N° Scellé | F19: Vol
A20: 1 | B20: 4102026 | C20: 00217-507-31 | D20: CAAU640372 /2 | E20: 3666 | F20: 40
A21: 2 | B21: 4102026 | C21: 00380-506-31 | D21: FFAU501814 /0 | E21: 3669 | F21: 40
A22: 3 | B22: 4102026 | C22: 00141-525-31 | D22: ARKU150130 /6 | E22: 1441385 | F22: 20
A23: 4
A24: 5
A25: 6
A26: 7
A27: 8
A28: 9
A29: 10
A30: 11
B32: VISITE
A34: N° | B34: Date V | C34: N° Conteneur | D34: AN° Scellé | E34: NO° Scellé | F34: Vol
A35: 1
A36: 2
A37: 3
A38: 4
A39: 5
A40: 6
A41: 7

Sheet 05-10
H1: =COUNTIF(C8:C15,"<>") -> 0 | I1: TC
F2: =COUNTIFS(B20:B29,"<>",C20:C29,"VH") -> 0 | G2: VH | H2: =COUNTA(C20:C29)-F2 -> 9 | I2: TC | J2: =COUNTIF(E20:E29,"VIDE") -> 0
A3: FICHE DE MOUVEMENT
B5: RECEPTION | G5: 46300
A7: N° | B7: N° CRN | C7: Date R | D7: N° Conteneur | E7: N° Scellé | F7: Vol
A8: 1
A9: 2
A10: 3
A11: 4
A12: 5
A13: 6
A14: 7
A15: 8
B17: SORTIE
A19: N° | B19: Date S | C19: IMM | D19: N° Conteneur | E19: N° Scellé | F19: Vol
A20: 1 | B20: 5102026 | C20: 001766-508-31 | D20: HMMU433444 /9 | E20: 3617 | F20: 40
A21: 2 | B21: 5102026 | C21: 00582-510-31 | D21: SEGU585325 /8 | E21: 3618 | F21: 40
A22: 3 | B22: 5102026 | C22: 06230-586-48 | D22: ECMU614116 /8 | E22: 3614 | F22: 45
A23: 4 | B23: 5102026 | C23: 00362-516-31 | D23: HDMU321504 /6 | E23: 25H1013125 | F23: 20
A24: 5 | B24: 5102026 | C24: 00325-516-31 | D24: HDMU341436 /7 | E24: 25H1041732 | F24: 40
A25: 6 | B25: 5102026 | C25: 00140-525-31 | D25: HDMU342017 /0 | E25: 25H1175272 | F25: 40
A26: 7 | B26: 5102026 | C26: 00125-523-31 | D26: HDMU342266 /0 | E26: 25H1175275 | F26: 40
A27: 8 | B27: 5102026 | C27: 00296-515-31 | D27: KOCU430655 /1 | E27: 26H0234922 | F27: 40
A28: 9 | B28: 5102026 | C28: 00139-525-31 | D28: TIIU600821 /4 | E28: 26H0236033 | F28: 40
A29: 10
A30: 11
B32: VISITE
A34: N° | B34: Date V | C34: N° Conteneur | D34: AN° Scellé | E34: NO° Scellé | F34: Vol
A35: 1 | B35: 5102026 | C35: HASU492916 /6 | D35: 3715 | E35: 3621 | F35: 40
A36: 2 | B36: 5102026 | C36: HASU5156746 /8 | D36: 3713 | E36: 3622 | F36: 40
A37: 3 | B37: 5102026 | C37: MRSU698006 /4 | D37: 3716 | E37: 3623 | F37: 40
A38: 4 | B38: 5102026 | C38: CAIU634538 /3 | D38: J1803692 | E38: 3620 | F38: 20
A39: 5
A40: 6
A41: 7

Sheet 06-10
H1: =COUNTIF(C8:C31,"<>") -> 14 | I1: TC
F2: =COUNTIFS(B36:B37,"<>",C36:C37,"VH") -> 0 | G2: VH | H2: =COUNTA(C36:C37)-F2 -> 0 | I2: TC | J2: =COUNTIF(E36:E37,"VIDE") -> 0
A3: FICHE DE MOUVEMENT
B5: RECEPTION | G5: 46301
A7: N° | B7: N° CRN | C7: Date R | D7: N° Conteneur | E7: N° Scellé | F7: Vol
A8: 1 | B8: 0040ICS0002 | C8: 6102026 | D8: KKTU710450 /3 | E8: LB0268822 | F8: 20
A9: 2 | C9: 6102026 | D9: MBSU280648 /0 | E9: LB0268827 | F9: 20
A10: 3 | C10: 6102026 | D10: MBSU280656 /2 | E10: LB0268986 | F10: 20
A11: 4 | C11: 6102026 | D11: MBSU280770 /1 | E11: LB0268985 | F11: 20
A12: 5 | D12: MBSU280824 /6 | E12: LB0268990 | F12: 20
A13: 6 | D13: MBSU281087 /6 | E13: LB0268824 | F13: 20
A14: 7 | D14: MBSU281245 /7 | E14: LB0268989 | F14: 20
A15: 8 | C15: 6102026 | D15: MBSU281261 /0 | E15: LB0268823 | F15: 20
A16: 9 | D16: MBSU281295 /0 | E16: LB0268988 | F16: 20
A17: 10 | C17: 6102026 | D17: MBSU281304 /7 | E17: LB0268872 | F17: 20
A18: 11 | D18: MBSU281306 /8 | E18: LB0268775 | F18: 20
A19: 12 | C19: 6102026 | D19: MBSU281322 /1 | E19: LB0268821 | F19: 20
A20: 13 | D20: MBSU281359 /8 | E20: LB0268776 | F20: 20
A21: 14 | D21: MFCU260329 /9 | E21: LB0268983 | F21: 20
A22: 15 | D22: OOLU161730 /8 | E22: LB0268828 | F22: 20
A23: 16 | D23: OOLU288929 /7 | E23: LB0268829 | F23: 20
A24: 17 | C24: 6102026 | D24: PCIU306800 /4 | E24: LB0268987 | F24: 20
A25: 18 | C25: 6102026 | D25: SLDU283019 /1 | E25: LB0268773 | F25: 20
A26: 19 | C26: 6102026 | D26: TDRU255456 /0 | E26: LB0268871 | F26: 20
A27: 20 | C27: 6102026 | D27: TDTU171047 /5 | E27: LB0268771 | F27: 20
A28: 21 | D28: TEMU346844 /9 | E28: LB0268825 | F28: 20
A29: 22 | C29: 6102026 | D29: TEMU349977 /4 | E29: LB0268826 | F29: 20
A30: 23 | C30: 6102026 | D30: TTNU375141 /0 | E30: LB0268982 | F30: 20
A31: 24 | C31: 6102026 | D31: YMLU329259 /5 | E31: LB0268981 | F31: 20
B33: SORTIE
A35: N° | B35: Date S | C35: IMM | D35: N° Conteneur | E35: N° Scellé | F35: Vol
A36: 1
A37: 2
B39: VISITE
A41: N° | B41: Date V | C41: N° Conteneur | D41: AN° Scellé | E41: NO° Scellé | F41: Vol
A42: 1 | B42: 6102026 | C42: TCNU857774 /0 | D42: CN6455438 | E42: 3619 | F42: 40
A43: 2 | B43: 6102026 | C43: CAAU692306 /7 | D43: CN6229789 | E43: 3624 | F43: 40

Sheet 07-10
H1: =COUNTIF(C8:C20,"<>") -> 12 | I1: TC
F2: =COUNTIFS(B27:B31,"<>",C27:C31,"VH") -> 0 | G2: VH | H2: =COUNTA(C27:C31)-F2 -> 0 | I2: TC | J2: =COUNTIF(E27:E31,"VIDE") -> 0
A3: FICHE DE MOUVEMENT
B5: RECEPTION | G5: 46302
A7: N° | B7: N° CRN | C7: Date R | D7: N° Conteneur | E7: N° Scellé | F7: Vol
A8: 1 | B8: 0040ICS0002 | C8: 7102026 | D8: MBSU280824 /6 | E8: LB0268990 | F8: 20
A9: 2 | C9: 7102026 | D9: MBSU281087 /6 | E9: LB0268824 | F9: 20
A10: 3 | C10: 7102026 | D10: MBSU281245 /7 | E10: LB0268989 | F10: 20
A11: 4 | C11: 7102026 | D11: MBSU281295 /0 | E11: LB0268988 | F11: 20
A12: 5 | C12: 7102026 | D12: MBSU281306 /8 | E12: LB0268775 | F12: 20
A13: 6 | C13: 7102026 | D13: MBSU281359 /8 | E13: LB0268776 | F13: 20
A14: 7 | C14: 7102026 | D14: MFCU260329 /9 | E14: LB0268983 | F14: 20
A15: 8 | C15: 7102026 | D15: OOLU161730 /8 | E15: LB0268828 | F15: 20
A16: 9 | C16: 7102026 | D16: OOLU288929 /7 | E16: LB0268829 | F16: 20
A17: 10 | C17: 7102026 | D17: TEMU346844 /9 | E17: LB0268825 | F17: 20
A18: 11 | B18: 0764ICS0062 | C18: 7102026 | D18: HMMU424163 /9 | E18: 25H1489025 | F18: 40
A19: 12 | C19: 7102026 | D19: HMMU498102 /3 | E19: 25H1489014 | F19: 40
A20: 13
B24: SORTIE
A26: N° | B26: Date S | C26: IMM | D26: N° Conteneur | E26: N° Scellé | F26: Vol
A27: 1
A28: 2
A29: 3
A30: 4
A31: 5
B33: VISITE
A35: N° | B35: Date V | C35: N° Conteneur | D35: AN° Scellé | E35: NO° Scellé | F35: Vol
A36: 1 | B36: 7102026 | C36: MRSU215858 /4 | D36: CN8343648 | E36: 3625 | F36: 40
A37: 2 | B37: 7102026 | C37: MSNU928137 /8 | D37: FX47338080 | E37: 3626 | F37: 40

Sheet 08-10
H1: =COUNTIF(C8:C19,"<>") -> 0 | I1: TC
F2: =COUNTIFS(B26:B30,"<>",C26:C30,"VH") -> 0 | G2: VH | H2: =COUNTA(C26:C30)-F2 -> 2 | I2: TC | J2: =COUNTIF(E26:E30,"VIDE") -> 0
A3: FICHE DE MOUVEMENT
B5: RECEPTION | G5: 46303
A7: N° | B7: N° CRN | C7: Date R | D7: N° Conteneur | E7: N° Scellé | F7: Vol
A8: 1
A9: 2
A10: 3
A11: 4
A12: 5
A13: 6
A14: 7
A15: 8
A16: 9
A17: 11
A18: 12
A19: 13
B23: SORTIE
A25: N° | B25: Date S | C25: IMM | D25: N° Conteneur | E25: N° Scellé | F25: Vol
A26: 1 | B26: 8102026 | C26: 00096-511-31 | D26: TCNU857774 /0 | E26: 3619 | F26: 40
A27: 2 | B27: 8102026 | C27: 00463-509-31 | D27: MRSU215858 /4 | E27: 3625 | F27: 40
A28: 3
A29: 4
A30: 5
B32: VISITE
A34: N° | B34: Date V | C34: N° Conteneur | D34: AN° Scellé | E34: NO° Scellé | F34: Vol
A35: 1 | B35: 8102026 | C35: MSDU997113 /6 | D35: 0 | E35: 0 | F35: 40
A36: 2 | B36: 8102026 | C36: MSMU661001 /2 | D36: 0674611 | E36: 3628 | F36: 40
A37: 3 | B37: 8102026 | C37: UETU703460 /0 | D37: 0674567 | E37: 3627 | F37: 40
A38: 4
A39: 5
A40: 6

Sheet 11-10
H1: =COUNTIF(C8:C23,"<>") -> 16 | I1: TC
F2: =COUNTIFS(B29:B33,"<>",C29:C33,"VH") -> 0 | G2: VH | H2: =COUNTA(C29:C33)-F2 -> 2 | I2: TC | J2: =COUNTIF(E29:E33,"VIDE") -> 0
A3: FICHE DE MOUVEMENT
B5: RECEPTION | G5: 46306
A7: N° | B7: N° CRN | C7: Date R | D7: N° Conteneur | E7: N° Scellé | F7: Vol
A8: 1 | B8: 0178ICS0007 | C8: 11102026 | D8: MEDU636673 /0 | E8: LG00690422 | F8: 20
A9: 2 | B9: 0178ICS0003 | C9: 11102026 | D9: BMOU474366 /5 | E9: 5878917 | F9: 40
A10: 3 | B10: 0178ICS0056 | C10: 11102026 | D10: MEDU723902 /6 | E10: 1128635 | F10: 40
A11: 4 | C11: 11102026 | D11: MEDU798835 /9 | E11: 1128684 | F11: 40
A12: 5 | C12: 11102026 | D12: MSDU534494 /5 | E12: 1146995 | F12: 40
A13: 6 | C13: 11102026 | D13: SEGU549541 /0 | E13: 1128683 | F13: 40
A14: 7 | C14: 11102026 | D14: TGBU550533 /0 | E14: 1128686 | F14: 40
A15: 8 | C15: 11102026 | D15: TRHU681016 /3 | E15: 1146994 | F15: 40
A16: 9 | B16: 0106ICS0007 | C16: 11102026 | D16: CAAU489835 /0 | E16: OM0092412 | F16: 40
A17: 10 | C17: 11102026 | D17: CAAU608029 /7 | E17: OM0092455 | F17: 40
A18: 11 | C18: 11102026 | D18: GCXU572967 /8 | E18: OM0092415 | F18: 40
A19: 12 | C19: 11102026 | D19: MRSU870794 /8 | E19: OM0092440 | F19: 40
A20: 13 | C20: 11102026 | D20: TCKU701928 /8 | E20: OM0092557 | F20: 40
A21: 14 | C21: 11102026 | D21: TCNU297401 /5 | E21: OM0092479 | F21: 40
A22: 15 | B22: 0106ICS0044 | C22: 11102026 | D22: MRKU353739 /0 | E22: CN9008091 | F22: 40
A23: 16 | B23: 0106ICS0058 | C23: 11102026 | D23: MRKU733342 /9 | E23: CN7978124 | F23: 20
B26: SORTIE
A28: N° | B28: Date S | C28: IMM | D28: N° Conteneur | E28: N° Scellé | F28: Vol
A29: 1 | B29: 11102026 | C29: 00090-512-31 | D29: MSNU928137 /8 | E29: 3626 | F29: 40
A30: 2 | B30: 11102026 | C30: 00005-520-31 | D30: MSNU975917 /4 | E30: 3705 | F30: 40
A31: 3
A32: 4
A33: 5
B35: VISITE
A37: N° | B37: Date V | C37: N° Conteneur | D37: AN° Scellé | E37: NO° Scellé | F37: Vol
A38: 1 | B38: 11102026 | C38: CRTU760967 /9 | D38: FLAT | E38: 0 | F38: 40
A39: 2 | B39: 11102026 | C39: MSCU255953 /0 | D39: FJ25931782 | E39: 3671 | F39: 20
A40: 3 | B40: 11102026 | C40: MSDU600819 /0 | D40: FJ25931784 | E40: 3630 | F40: 40
A41: 4 | B41: 11102026 | C41: MSDU749894 /0 | D41: FJ25931785 | E41: 3629 | F41: 40
A42: 5 | B42: 11102026 | C42: TCLU600116 /8 | D42: FLAT | E42: 0 | F42: 45
A43: 6
